dataset_name,target_column,method,masked_rows,mae,rmse,medae,bias,out_of_range_rate,distribution_drift
capteurs_temperature,temperature_normalized,mean,6644,1.6538049084052067,2.4603906944811103,1.5551820099775782,-0.03628030554136083,0.0,0.0005715009061810031
capteurs_temperature,temperature_normalized,median,6644,1.654420362566058,2.461718739369741,1.5611111111111242,-0.08726754297946356,0.0,0.0005333828346178274
capteurs_temperature,temperature_normalized,iterative,6644,3.2549525625528215,4.117003464796986,3.0328245048028784,-0.013024261199374255,0.0,0.001332612892910016
capteurs_pression,pressure_bar,mean,6539,0.323615235436101,0.42770266990929545,0.2526425221469708,0.0036806867567081084,0.0,0.0
capteurs_pression,pressure_bar,median,6539,0.3236100321150021,0.4277326823086009,0.2529999999999859,0.0030850282917852015,0.0,0.0
capteurs_pression,pressure_bar,iterative,6539,17.30535589143972,19.68988285656537,19.56016758495062,0.35699067449386473,0.0,0.0
